SOURCE_ID,mean apparent magnitude,time period,parallax
5313185367659966720,12.351363,11.2067598038875,0.208351023960173
5313250548085699712,12.7186165,3.3549412495165454,0.1969354590919863
5256178232392037120,15.054192,2.844791330353688,0.1059857837781066
6734367261085169408,12.10632,14.073004562936674,0.1341082164296058
5846979704372502144,12.270158,23.142100275529263,0.1783530486058355
2161786374436607616,8.521427,14.712201123607702,0.7954258009301457
2162275240493961984,13.790371,3.950541306447907,0.11445771926701
5436296928693979392,9.19914,5.898398692509765,0.29453645986855
6060173364074372352,6.4713736,4.689797153353072,1.3245186501149808
2177714415280658944,12.890394,6.715363827592826,0.103089585076238
3351921532976862336,11.810929,4.978351712149982,0.2457412490512998
246611563239644544,11.70057,2.9891760055302035,0.2846724687110258
4096107909387492992,5.4751625,5.77342723824618,1.9748058176899157
4096140001386430080,9.862422,6.568678185874367,0.5028555821444272
618248555005833472,13.418394,1.3212029009952355,0.1730815386164357
3343252261748847104,12.52712,3.1499035729303198,0.1458353896964147
3344297935963515008,11.84995,4.909550393565273,0.1811357815886482
3344381567567275392,12.921536,3.5632219487315777,0.2903417469786584
5977688031780391680,13.130562,14.54917250253462,0.1981431831384709
5181126079750184704,12.827481,32.21379992911923,0.1294801164907263
5188379665334866176,12.896799,0.6219627800893595,0.3044809031297358
6716879292429356928,13.624377,3.336294049024275,0.1257878750311699
3349047375222899456,14.360163,3.0207573240969308,0.1684506025750327
3349130530085488896,13.440079,9.146335190896684,0.1765901142392508
5973016829661632128,14.04827,14.567090834695312,0.2967020365066691
4307944836090489600,9.388953,7.239183949361565,0.4871408889696159
4766643426242068992,9.934804,109.36362675060086,0.2462085597813289
1999252442448732288,9.3843355,12.13703117445177,0.3297081564266386
5882388209429065344,15.430481,4.863863692808613,0.214164680280816
4156450099578283776,8.931744,10.341812681083043,0.518476588932823
5901341693879664512,13.096196,20.460233348768377,0.1055631966151355
6070481457342308480,12.669732,1.9500460580502037,0.2333395275846963
4578416175261110400,12.282564,12.563448005829647,0.1606884080704922
5828480459918679936,9.684332,1.9460509397739736,1.016179433158956
4360377693711966592,14.760635,0.8116816724932249,0.2325231304271433
5329838158460391296,8.120997,9.550744745520666,0.4901800172379095
5329899043907713408,13.157577,11.919834937704923,0.1366508375940476
5329939274854213760,12.892878,5.875260735585085,0.1995071708666491
5329974119937794048,13.442748,3.139584196960457,0.1965172986770078
3425576270732293632,11.682473,2.6347163155921187,0.2842191010716965
5867251679452872192,13.059448,4.948229392878148,0.3152454451409572
5862711040048310528,11.361019,24.06233993979132,0.3087035723448256
6045677196574103296,12.437723,12.924674300469484,0.1924012160620717
2038365781911994112,9.877743,87.10130531782102,0.2131035079834364
5937099633141128448,9.741439,20.82078991102665,0.2062271353247607
2045359534871088384,10.468895,5.571901000797259,0.1269208893757185
4663665946029028608,15.690307,3.822894825121816,0.7252827756370915
4303770918113986304,9.761584,6.178911883435623,0.2131028810921367
4113644634448907648,11.952161,13.46008175367198,0.1631234655178025
2932101334643047680,12.697797,2.5577768400093976,0.1644443279969525
2932737092877188352,12.441177,3.1561815521519203,0.1253776344119735
4260210878780635904,11.081848,17.14244457957907,0.2407960674033373
4514869866387896192,10.836139,4.842823844141056,0.6045865453718644
6011444142566282496,12.6842575,7.598010092954408,0.2000974077213827
508592954709039488,15.913174,2.0102362996551,0.1660354574533032
508915489570374272,8.834319,14.788901159045958,0.3046891399217503
5334631376367030272,13.56354,6.575160661455796,0.11619161417379
5334675185024180864,11.988045,26.457295480651712,0.1603582357220881
5951683791503848832,14.896746,8.031827557311223,0.189257872393681
4043651584030279040,13.732941,83.69666545640754,0.1528789073154216
5933359884804777216,12.083078,15.37806614183132,0.2372259686640483
4160953188153642496,13.059849,0.8548649787768746,0.577174607615066
4077746232628589568,12.532346,29.611473080516813,0.1205736801119304
5308026081150238976,14.853814,3.435153355861214,0.18623565715883
5308083461913826176,14.874313,4.204416373468929,0.1056462955935583
5308216021795779328,13.374722,4.610603445261476,0.1486042229117653
5511121271942890496,11.231311,1.437759944049944,0.5532087386639697
5932569709575669504,8.036095,11.288610615285451,0.4664669468312262
174489098011145216,7.085648,6.463491956463242,1.0566163862524085
4531755199581506432,12.305265,78.68058499817494,0.1178699734820075
4045563527285331584,12.20609,27.93296364903281,0.1194643903285669
4045574453680455808,13.128582,12.239499025942086,0.1037460430114793
4175017625462647168,5.6400485,17.117679601051407,1.3126031176792647
2034137060207366272,13.340347,3.845868918883359,0.2055422820521651
2034155854985643520,12.713741,4.920117994614418,0.2030118512674883
5887482762148283008,9.106556,8.21842560033969,0.5091717771655467
5887671397119565184,14.678757,16.96256170367136,0.1741659850105671
4246647161574593408,13.0972805,7.44476660199812,0.1130480545031139
5844822466883453056,14.769133,1.0255971818215903,0.1220915370355661
2211309340220914560,14.47698,3.157040021953402,0.1173435660985347
5611465073923671424,11.279051,11.182278263265031,0.1299719976498825
5611563995612988928,12.699467,2.701281413593559,0.1439904574705718
5611944113094713600,12.173072,4.711989721226333,0.1390740338000713
4313067181547804160,12.598519,20.80524882774886,0.1247039063247564
444069661013733120,13.481934,4.3397415797787255,0.2820384798646345
4039938769393211136,12.245166,66.3196441484752,0.1218353842116186
444443941646255232,11.156012,8.179564369946606,0.3376305998718887
445121820622854656,12.681189,3.569404825261708,0.371061904801306
202939854734748032,11.157831,8.639592570170702,0.2037871545093086
488753263810889088,12.222969,12.25022921742464,0.3024004510383281
188724234539584256,9.882999,18.19371939856415,0.1932202716137795
189726984845700480,11.6477375,5.2598903044008605,0.1775056520942144
189739251272296192,12.059344,3.412719982594884,0.2156496941314128
3378049163365268608,9.70913,3.788020200762936,0.3356003941102264
5957698772945957248,13.432991,15.529023190931929,0.1199435895573322
2028781025505284096,12.802698,6.239456870312151,0.1802723387587461
3027495856819349248,11.118481,10.982515417004969,0.1557596248115355
3027837358256113792,13.283378,4.96044243894171,0.1813193392342126
3027913155837731584,13.474691,5.64724594351527,0.2711893449352843
3027940437469882880,9.302669,4.255355692616744,0.5626849651468645
4077106561752384384,12.325137,18.13813383459668,0.1575343386769126
4077190566946727808,12.674362,13.47005648881293,0.1885724285342579
4054525650875166464,12.439558,12.106248047621484,0.3487403526052247
4054575949223340288,11.514985,49.96774399064049,0.3437166556787083
4054740090000104064,12.6439905,10.928050287522424,0.2476585077469569
4054962874233545088,12.843586,5.943304617771675,0.2578812258205429
5943301424097469568,12.575246,9.036645223892354,0.1819433691603563
5606739884038472704,12.717139,3.96990773254997,0.1174205775352859
4167155567562018944,14.25741,11.498156513391232,0.1042228087489234
6482342638901422080,13.486575,1.461934091395742,0.1268574577486104
4321755561092593920,12.114463,6.048890237594987,0.2816035055239082
4316782057716383232,13.747376,1.4807438509910853,0.1183447353095396
4500728841169873408,12.44547,1.2094553074914007,0.2528602163938221
4178830899283686656,13.318966,15.098820555907414,0.1755176295040657
1750217486861133440,12.302067,2.0469337440707003,0.132895461085867
5332375453374624640,9.441485,11.638899480340395,0.291540355982154
5332397512328481920,11.178758,4.944982117597536,0.2520340071711954
4095782655730995968,10.352862,7.288755420757196,0.4646127069740426
5942521668514052608,11.652522,13.004905035821151,0.2657083668570672
4103767240452681728,13.139614,15.05332293956861,0.1710113585793884
5544213926244557184,10.640595,5.884906729518966,0.3274460779018481
5253795384552296448,8.865255,5.543921254935856,0.4415188061328064
4128740143126634368,14.041063,1.5179121122049053,0.1535956620026223
4252368406036530688,8.695228,6.439691710768488,0.3722575039930927
4295988952813227776,13.953749,4.277318773348718,0.1185992636672541
4203801018864386944,11.277488,32.660095032672935,0.1275309868873199
5862374417676272896,13.729177,6.479464870202534,0.21703032645912
5862529345743227776,11.804539,6.379236974370734,0.223261289644831
5332968639886303104,12.347082,8.722342124268959,0.1690826468590543
2012494342018730496,12.233385,3.8712825574849448,0.2569687806449367
2012643600728382208,11.855125,7.678258832130241,0.3393905209929652
2012787293154800896,11.468034,4.566052720863474,0.2361672772317451
2013029941628292352,9.469182,9.810775680059352,0.3221246398226651
2013131813945245312,12.324904,5.86971600874405,0.2786949583372794
2013344882984638464,14.19829,1.404424344919963,0.2773978032957137
4484245443888652032,11.265063,4.156445274754064,0.3836094281479195
4484791347109688832,11.965209,11.064895825825229,0.1367156596019565
5947421126682666112,14.34229,2.1091049745558768,0.1392724967881128
5339149677605627264,12.563335,6.393852120006548,0.1206006888906915
4472449191647245184,11.891467,1.8930833148235624,0.4753325597225841
1944255076986187776,12.071992,14.73111142168182,0.1477032177975589
5859119760248045312,10.9358835,10.352926263733265,0.2003941525416958
2035402872974695936,12.953,31.4459620343926,0.1281358870262711
514393423999534336,14.763508,7.186554210397645,0.1580545803384246
514674937641488256,10.376676,4.037916230210821,0.3878206766899956
5255147955647154048,14.420129,4.571291858197153,0.1139735590766585
5255216468969556736,14.260009,5.022706050206657,0.1141490280380209
5255219492627430272,13.895747,3.618988629924527,0.1125108277267417
5255220656517219840,9.135798,5.345891010231648,0.434777676621532
5255239283837540480,11.735186,5.09223270840587,0.2747147723213576
5255254711361371520,8.387514,18.171815893432377,0.346359673370899
5255309098485373824,12.190022,5.86526130379293,0.1997310448573097
5255410326607415296,14.529697,6.528348803871709,0.1119143497185553
2936110669428633216,12.492877,4.463313671985779,0.1486679955021937
2936165984303583360,13.495098,3.5226311701697965,0.1005427370538369
2936274153063501824,9.241766,6.388715617046421,0.3473549333658344
4046807830852751872,14.183327,1.9558110629027408,0.1196931139245911
5594091823824942464,11.671998,4.403072965358121,0.2415936334232875
4048313921269210112,11.825658,6.900377924896471,0.2372722363480038
423454573911964544,14.033802,2.4995199679090634,0.1039946677026137
4379075782292287104,11.987262,15.556857656320746,0.1567466141383839
206577210999441536,11.216944,13.84505229121153,0.2315745140700383
207722317998325632,12.725514,2.4769620560330954,0.2151235449730603
5337634589276921856,8.858985,5.725844688410335,0.37823669897906
5337764640889249536,9.326704,10.71525547633743,0.3226731987359124
6027070573648725632,13.873107,1.4558905554678092,0.1347268971449665
5240441472232302848,8.941291,12.437002735527203,0.3778753552570313
1993916856117284864,11.30037,29.1027125776302,0.2636839502405889
1994462866719961216,9.050314,6.336913741791959,0.4690131954219403
448521446155893376,15.187573,3.158201033222172,0.1839629529239892
447848132723812608,11.317636,5.668235869175296,0.4199926792432352
447874379264574848,11.934156,3.220435556262456,0.4433170305605493
447987564541431168,12.749468,4.252671327661486,0.3175291416069877
447992443624241280,13.804615,4.989199443295339,0.1753135967803665
448977846560597248,14.139172,8.57559958376674,0.1082199745450822
449006536942032256,14.916361,2.944079940974454,0.1788092882939988
449863090859326080,11.234878,9.43629140352372,0.2704503912257623
450160096438199424,13.249445,4.968147264326747,0.2933431413232849
6057514092119497472,10.5698595,6.396717191824198,0.2928650476650513
2037378523542899840,14.036884,9.755981211950758,0.1369487422806316
505178760644698880,12.381911,3.2969021829008365,0.1488305485280336
2198162651499971200,9.859632,17.867373171255892,0.2534333586114976
2198341184695523712,13.059533,4.5581341235518495,0.1679232538695183
2198576445824899968,13.4370365,2.986203428738522,0.2059504453351063
2030403324896259712,13.573311,8.988149915093665,0.1130855296387878
2030413735897352832,14.549569,4.803099715510002,0.1319097523121762
2030427789038000256,10.530029,11.662020910040736,0.2566363273628326
6055722403534963840,9.536101,4.424317747965537,0.5433510855828068
5836012389546677504,13.633775,11.097330552954968,0.1367695354530832
4094784475310672128,7.682094,21.84747820191288,0.5742031493221923
5877104712393104000,11.1874695,10.520474136434816,0.5139782235823493
5877120341746137216,11.656435,9.149760643981445,0.3528901438626876
3031875585286182144,9.219297,6.995508283424176,0.3598041719359625
247358200355952256,14.231205,3.593390351323364,0.1474151246634233
248494232082353152,10.5531845,4.118190221901202,0.3441604911738087
5350368102144390912,13.733092,18.87773286301779,0.113510465912076
5350409780509559040,12.226522,45.49891812927481,0.2472765620024729
5350425963937906432,13.221231,6.403288812242003,0.1831751250305813
5350459803962875520,13.013701,12.764312877780403,0.1117159542820497
5350555981191990400,11.839934,16.323695750554503,0.2303684327482491
5350688609777998720,12.406444,5.517288355424114,0.3749259443021019
5350844156323309952,14.48889,3.384952751075447,0.1343769031610699
5350852677538959104,11.045969,13.453151928860816,0.2270124717761337
6736843159433588096,12.811248,8.301077390512992,0.1618143809216413
5613972681993587200,8.773934,8.936362044581678,0.368478802554863
5614191175568405376,12.400135,4.170891182751824,0.240752462027484
5614312705966204288,9.634962,13.597380246729513,0.2330824472009733
5953240528170627328,13.153445,11.79750547902454,0.1792170058550474
5338556834679254656,12.105273,13.155122611909444,0.1196561685144736
1998384927774603520,11.723215,4.734929939581752,0.2377621243163618
5853152985500341760,12.535083,28.596792883663387,0.1140529054007775
5973635442376616448,9.63253,16.265610206197454,0.4792889928487128
1978741912045050624,11.432126,5.863897992529207,0.1633155160766529
3585871223384619648,14.344771,0.6404087854880521,0.1555390131537249
4685631753107540864,17.922075,1.2293677295218517,1.181705065460688
4685681712188585344,15.637369,5.49164368613458,0.3313376949860376
4685706004515529344,16.545506,3.2768121128497736,0.4612431476447551
5881792750773412864,14.442894,1.2483081669995784,0.1208990206930628
5577329081864722176,10.029096,18.774144400708277,0.4098950698100892
6730347519602969728,11.804488,45.95243278366051,0.1161806350875578
6730669637841731328,13.441686,16.482409245749796,0.1716010575973625
5699042480743325312,10.235518,5.027339263902005,0.2598857724259178
261927068718088832,13.192638,2.8833921491325936,0.2376908229330935
255746713858482048,13.012601,3.5151568766107437,0.1826180892381464
256735552768873856,12.531315,11.27910761955227,0.3590577299774452
3637042116582796544,10.068435,17.279882921556304,0.4727759129095253
5864135319959353600,9.240802,34.02846822286729,0.2272292559382683
5918039491609445760,12.451235,2.233738450735761,0.3027996948781518
5974803673528269440,11.440175,8.451407687340744,0.552175697413641
5884368498528237952,8.493722,12.6460612916352,0.5968835045929278
5884600426769582336,13.019445,5.629251146299056,0.1711821360523624
5884729035255064064,9.040833,12.646123794716482,0.230038050813077
2947842664653933824,13.328079,3.69396183669748,0.142657500760597
3133819112256378368,10.196047,2.705480098251865,0.4699958749448252
3134002107923090944,12.946562,2.427175714312686,0.2461094845212466
3134257439437751552,10.877625,18.71509068159417,0.1977633673557448
4118261900486964096,14.401647,14.688135897633057,0.17486005383542
4052689157266932736,14.478033,1.8438878371387013,0.3024377447682254
4190143160245024256,7.5933595,5.376177765929336,0.7867760509623498
5835124087174043136,6.175861,9.75441638926471,1.077422760007758
4687164850273011712,17.437374,1.0136531967382632,0.8675709705878795
2928116120387181824,12.802397,4.845096252014312,0.1146044172615383
5971506616101381120,14.025272,13.545182929870412,0.1889955654732725
5594382644652353664,11.594601,4.516859443118318,0.2434569381705641
5594803590107865984,14.582836,3.685030919291803,0.109983946641119
5595072317623907328,13.351004,7.033443275543683,0.1059840274808104
5595072420703114624,13.150047,5.863446820204779,0.1189857381092144
4255871072049894784,11.061089,8.757688069791346,0.4803828716660737
270272675510149504,9.226171,4.972601407693328,0.6124936414955571
270528311964877568,14.2797165,4.493168389482582,0.1525046838549357
270661215433219968,13.550025,5.1466645141947565,0.122487915829623
270841363539777280,13.934289,2.014425575000993,0.314116858870614
6029365323212969216,12.963176,10.60428693365832,0.1091092613026876
6029393154580641280,13.233055,10.201282332945864,0.1373479933464915
6434564460631076864,4.262779,9.083015375797755,5.2450901461131965
5596601154188852352,9.638985,13.673194000960388,0.2811261985145067
4201372919186754048,13.098132,2.905985648321897,0.2731293969819927
3106349738382214144,10.601333,8.699683457298773,0.1908780554974756
3106537239474115840,13.441485,2.951561223028848,0.1577513364584385
3106642552072285952,11.973664,4.096658737344445,0.1747909916942887
3106871280549395200,12.751364,15.678999955444304,0.2970442135719742
4122080469938117760,13.66652,2.862509878100663,0.2719069789235093
2164359918864249728,11.923026,5.057167185753404,0.1307476642729645
2164475809937299584,10.193277,1.7659853044450442,0.3785845829449595
2929903204735986304,12.839553,3.313176951826074,0.1324334243282741
5976714242431192576,13.1534395,34.74686479799188,0.2298081179769908
3430067092837622272,9.393121,11.312845140896796,0.2749106248878307
2068663855595724672,9.922828,33.223835167620685,0.4390924953059856
2069606682514776832,12.671753,10.909176577638352,0.3395777802574939
2070181319081749504,13.359775,34.424453488183055,0.2008103546570873
2070224337474904064,9.4566965,10.142097423348138,0.4717673340207903
5311989580046078208,13.983555,6.324559337501767,0.2063274469773953
5312196047720402048,11.11786,6.453538246555032,0.3307068022857878
5312211543964567040,11.289328,5.484593259755084,0.3251580096554677
5312297855621621504,11.742591,34.52890836748766,0.1409510390242957
4221891970813502464,14.189469,1.2101520320390349,0.1102064368473809
3126930912425121408,13.051849,6.716999254658121,0.1704269186355696
3127142323596470144,9.701135,5.378766050182399,0.567490686315382
3127458403131746048,10.251835,4.133621680981477,0.2973681008316579
3127739019113627392,13.443732,2.4837873839840623,0.2201194495612265
3128293447849074048,11.023661,3.013960307541533,0.3475649220214652
1208200864738741376,12.106648,1.1654208717158157,0.2069531664941108
4320029877589560448,13.363383,8.777410286478101,0.1956553050074641
4320062347542878208,12.703638,5.543648169859072,0.2934044209815173
4505300988492333312,9.81651,7.507757284818152,0.2496051168168015
4102602827621060864,14.179841,1.3946350951671982,0.2696981543793662
4240272953377646592,3.7476714,7.177249726398162,3.671496142191913
4049507372422229888,12.759051,15.168923312155608,0.217299099884304
5541507237862358912,7.9712124,6.665596885768075,0.591012665507528
2165638925753967232,13.533061,7.611022472211045,0.1007569757557257
2165771172070496512,10.057569,7.251320121024452,0.3550861336436594
5971976137588946816,15.507663,1.3093703721291066,0.2475953136016765
5307166778452154496,14.763513,2.933206879094401,0.1307557970147983
2009559470606505088,14.763029,8.443427880892555,0.1132904334696002
3132210870342377344,10.569497,6.73176056697519,0.2897770399608262
5238808628736339584,9.077229,15.714516773668969,0.2925195409667208
4049318050260697984,12.09943,48.25209127635534,0.1509974653565717
4152814461303695104,15.37737,25.552926815223174,0.2673512780501148
6736147782729787264,12.496834,16.437802354440546,0.1216259779470704
5995711814808683648,12.617351,11.20491720309426,0.2104545344482433
473043922712140928,8.229256,16.41757992983269,0.7133301733770532
6041579248025113472,12.719581,37.19114573660509,0.1000105547135665
5871473593625090432,12.527434,3.319221802389525,0.3163853106085922
2018385387883485056,9.649468,70.79718944257448,0.1814630156156678
2018408718146733952,13.275947,10.642664759193606,0.1905875260392156
5993790074645845888,12.924606,28.79649742335889,0.1119184930617095
5257664497238811776,9.092877,7.1970215742041335,0.4472942107631629
6162629942015500416,12.846182,15.320234954244418,0.1061208842691341
6163709288773421824,12.904514,8.712906761172988,0.1104623860277722
4097241677618247040,12.578486,12.518316148425994,0.3792515386695579
6632574543305145472,12.894772,1.7906482655183709,0.2025948093790702
4116708531074256768,14.081177,9.34390486976202,0.1616137677826576
2005753545481718912,12.238388,5.657823762806653,0.168841420047606
2005911737717923840,12.1551,7.6498012243581,0.1265575024709821
2006033847910275584,12.148537,4.366410722450142,0.1842423861848363
2034428980559814400,11.146058,5.782470500635854,0.2473100469055676
4124203661280128128,13.91841,1.1715584532620889,0.1402171401636894
4104857784196182400,9.592002,4.198361997444163,0.5960083340408681
4104869264724284544,10.364139,14.746698061880435,0.2757846304182107
4104870913991712640,15.1615305,8.819425277973993,0.1791134590115989
4122508420491774976,14.360803,7.949590425592243,0.1164500191517689
4051086168033980544,13.2125435,16.77053437562635,0.1582606383793491
4060898660862301056,16.427794,14.702130037540242,0.4796409394832227
5612495762995320576,13.519551,3.552553822454473,0.1019025124707836
5612661716228387200,12.842499,3.185023236411785,0.1108510865562819
2166276333253570432,13.55463,12.21836121820049,0.1576476356400115
2166303099490547072,10.528507,5.098941823337803,0.4980269677124607
2166382882810197504,11.579284,8.736110956751684,0.1379153416679462
2166389269407411200,12.284183,3.160858750924553,0.2160453764922437
2166818804808477824,13.85212,10.630828990481874,0.1042539853295187
5255052091966305664,14.43116,3.4567523681185524,0.1404498107760354
5255066591776722432,9.924202,4.160057287307702,0.4209402148852247
5255092670818771968,10.651834,51.40368799198458,0.2254622684954955
4276605524839659776,13.312154,21.01683370816913,0.144050893230715
4658248721135834624,15.232192,4.907976043498463,0.146565783086522
5307713132652465152,15.102759,2.407833058162754,0.186781905732173
5307761545524640256,9.854069,5.323956821727492,0.3362778434522303
5307968631664881920,13.83268,4.876744371805755,0.1333705225293141
2174833591730216192,14.311035,8.066106899917877,0.1466947345422415
2174872108997359616,14.76558,4.761110175613879,0.1294788028009191
2174891728408509056,12.737391,5.032272988672728,0.1592244537901006
2175017313256205312,13.690467,6.308903775456431,0.1300455470707758
2175235635031237248,12.974381,8.192353621232675,0.1929334475110641
2175555936502486912,13.616651,4.618287175953784,0.3351038401752451
2175754398354311552,14.310949,4.423399203756703,0.1807982134109363
459263743483634304,9.171905,13.63819875506045,0.3734720711274525
460909093912435072,14.016518,2.798914813048832,0.1180768708634522
461049865760507904,14.514477,3.968941343158375,0.1559124551030909
5506374096132016512,5.465354,5.694735343932434,1.2142443576662512
5834406243567769472,13.362621,12.253988705136091,0.1934699692285839
5616601820448126336,9.5626545,12.352288943324067,0.2864998146972418
5309930194773990400,7.437169,4.37108227297894,0.944961127822356
6058292374566124416,13.138165,2.7421158809686204,0.2404821615400854
6058336561172023808,14.809726,4.286320636094759,0.1277689690348532
2003938801532007808,8.771336,4.983511336273528,0.472487408483608
2004036486267748352,8.115799,5.445366015701612,0.4965853539518501
3031419601502352768,11.598385,2.3115396261704304,0.2972805483152769
4051542190480156672,12.053278,40.57569740658339,0.1694353176833534
5878403643615416448,12.409465,12.73505683044227,0.1875605824742083
5878506555352293888,12.727329,6.749790502820658,0.2195488736082783
6025818019409766528,13.751309,22.7750237890726,0.1259192475089988
4089762829569987712,14.505153,1.4576290728067214,0.2228097035567796
440689349956503680,13.50198,11.22307000077158,0.1200908832153827
5313672760547588480,13.418005,4.273931058544148,0.1769212175562517
5313887130948758016,8.937748,11.198462339690789,0.5047402390883815
4048947102520098304,12.450469,16.219657489499397,0.1628196562592675
430629986799994880,10.638192,5.35045231321267,0.2663697292993028
430630708354628096,12.593156,6.168069008098651,0.2187634576761952
430647231080076416,11.658981,3.8103064502407538,0.3075522388513995
430670222050230912,11.796259,6.239972555824355,0.231169476361515
430766016998901376,11.03472,6.84666718766436,0.2601717756615379
431184518613946112,11.649036,3.026314517074764,0.3208306589249849
431215098780669696,13.036257,9.53500787605577,0.2029928818133977
4251917636212432384,7.8935113,3.6712032517308457,0.8984895346991747
5891675303053080704,6.637,5.494286272601808,1.389795276490984
4268823074161900032,12.281608,5.468502958567693,0.4422208041053352
532154183216635520,11.972426,12.644987642042008,0.3371014170339952
532198472919029120,14.965952,11.101985844924798,0.1249607451469204
6303152720661307648,9.472222,10.309880852943024,0.4574061799985931
3046774762417915136,7.9389024,4.678368934320488,0.800598461712869
4089589175451581952,13.3596945,18.84790695331181,0.1356979230368986
2171569966347494400,10.010936,6.118697188746692,0.3693521318249753
2171687236130073856,14.550515,4.314960031473227,0.217405173789754
2171786982452223232,14.400262,6.9289273053978615,0.1236977164013688
2171965824893716992,13.733125,2.996771617451961,0.2277655930737728
2172000322072006400,10.749128,7.125478112664124,0.3821868898204915
5310517162188587008,12.536595,6.705837649849552,0.3249563631990868
5404862853352596736,13.312052,2.604812037796932,0.1097849188969568
525910675157137536,16.241438,7.238453370147007,0.2500784289046856
525956579769119744,14.194698,7.789934897049238,0.2095220935492823
526969333059032448,13.733396,4.185100190276642,0.1497866107705816
527027607176531712,13.023416,3.914025978353843,0.2260795446004533
2023647165192089856,12.14697,6.799149530719669,0.2398811703277721
2033589572148408832,12.223854,4.850897985002396,0.1925411172713574
5928285810456681344,13.643409,2.006408169394085,0.1410781865093619
5928317936814254720,13.517999,2.385814658918636,0.1267321528348291
5976382778374624640,16.12114,2.690905212394055,0.3291824818303616
4038916262368422144,13.103538,9.927998419422869,0.130938119840305
4038969927853236864,13.120166,16.264519882217414,0.1583491831369453
4319016742035655808,12.1240835,18.236986524194315,0.2398660821445489
4319018739208020096,9.390986,8.627535694530428,0.5669276454796975
4058983277246135936,14.231251,10.221151680572566,0.17442111411314
6028823470130264320,14.439587,1.5576870566663128,0.1750952708549262
4158168125175250048,12.968438,15.295383764000231,0.4157943685026471
2030637898807177344,11.685921,5.698194957772258,0.1821112193339183
2030848897634605440,12.108401,6.962108262883799,0.135685780190378
1825428480248517376,12.275754,5.938700060145748,0.2135512211736923
1825437177598003456,11.387358,12.895141297569442,0.2232400071882825
1825453635920313472,13.204594,6.853178468450029,0.255982235769045
1825559704420479360,12.0560255,6.34262870194585,0.2216065066741497
1825583030353257984,13.31751,7.794729355103001,0.1516975084741909
1825621002188696448,6.700444,7.9905351915204434,1.27808101999479
5260109123897149696,13.434751,3.9052949571415,0.1342501830067763
2206773923475727488,13.07472,5.382593753094369,0.183955302616373
5350281236399037696,12.048356,6.6105027623391885,0.4193323939467949
5350288078310253184,11.286723,64.62370603773441,0.1053940204335765
4147381366335558784,10.01851,5.301039328916447,0.5351415727679009
6647640365167706240,10.433803,19.945550003232164,0.3547067985768586
2026857124982231296,15.2028265,1.0176731610526828,0.2920620091969206
2026993563193159168,12.294369,12.646363515281015,0.1367624209464639
2027002290578474368,12.469975,20.75539295056612,0.2373468518603911
2027003119517288832,12.397638,6.646564960771469,0.1695107562842791
2027019749631002496,14.607714,5.947827133137762,0.2058037321801158
2027263738133623168,8.322478,6.31970318636207,0.8362097868454417
5883879421994717824,14.281547,6.617521729545984,0.3243481941893143
4657095921714349312,15.692401,4.416269845828703,0.8094647353443452
5333340824575196800,8.632669,3.335355125629411,0.6387556309165746
5333376489975555584,11.849864,5.892199725387542,0.3366447508967179
5333640230992516480,11.755382,4.974475189659312,0.2695229406005539
6868324958885642368,11.894752,14.264674989481865,0.1560713171349332
5615178536995368448,13.773988,1.7527457014665917,0.1127501987075412
5615233993628681216,13.088834,3.918190351321436,0.1870477574125154
426881614218441600,9.585123,4.5016879425540335,0.4069400312123576
5257911092756471936,11.30507,4.150497103669308,0.2949315814996273
5257939993613539456,12.342193,5.217024434051828,0.1929627191351531
5258155016852594048,13.203229,4.341498128371592,0.1043559881173959
4057606787380343808,12.338561,15.252795558079368,0.2974463535855449
4057701830728920064,4.327284,7.012112432949166,2.8057114280856257
4656427349891031936,14.726065,10.657385787779466,0.3635404453056589
5796440725425239936,11.439409,5.327942725756155,0.3837319521965325
4085507620804499328,13.129883,41.30037097199466,0.149517066944834
257429344607790336,12.281764,26.110636005745064,0.2214107988003436
257639493066319744,13.4470415,4.560815393677977,0.1851671796251496
258412862056729472,9.7014065,22.965943732599275,0.2879581331072157
258545623786523904,13.768169,26.176327665598077,0.142794355559713
5545837900614099584,11.753791,4.08868465388384,0.2733380091168297
5258418929684479488,11.974052,5.0705865560925245,0.5575961654409083
5258568982979313280,13.152843,4.169562930851287,0.216441843827566
5258574068224211200,10.327474,4.932464288647911,0.3269844428413577
5258645089802053888,13.198053,1.9427048702973648,0.4139650789306977
5258677353585072512,14.464158,5.025009404574877,0.1613586189288381
5258904608895410688,10.56435,4.091211534784611,0.4085287039500881
5258996486831569024,13.914635,16.597849880226523,0.1916960572822763
5259062663689285248,14.952272,3.576073145769729,0.2161454453371076
5312442888077720448,11.505945,7.643917530325567,0.2728157529139635
5312597197656348160,14.942336,4.078952979422836,0.119074832308054
5312863897941667456,12.64718,3.368015247804562,0.2988771841704554
5312871354004960256,12.967791,4.448938219139412,0.2524338404583034
5852901128621205760,14.425711,11.198308582624405,0.1090342341873284
5852915353554740864,14.862116,2.4199723739605545,0.1613924310397713
5534744416711687424,14.827186,2.368494054611479,0.1316074121810028
6241789522177233664,12.052834,24.998311139765832,0.2051806657103128
5871738271033526016,7.5281997,5.078705641797761,0.7995824990961825
4089525717386434048,13.860214,14.403662321438487,0.1369651864171741
4259486747309422976,13.466716,4.485617652917886,0.34747078513069
4259511653784796032,12.136303,23.075151602740387,0.1608019321084227
5853550729459342720,12.937342,12.863262284248911,0.256544733190804
5864955727424819200,9.853758,15.037396908377152,0.2386065952421633
3356940155020790656,6.7501097,7.911418516029027,0.9723208092512202
6706838857179992704,11.54966,9.829081355995738,0.1433187132680613
403012071468592640,9.417926,8.068640026577391,0.7606760161082698
2173914090776117632,12.432331,7.262231039192986,0.1892272741896401
2173958243040530944,14.848276,4.352235519489335,0.114030563222854
2174068847034667264,10.744728,5.7973699952028,0.3793584580949074
2174627776903099648,13.78786,4.894226014425339,0.1012327515205898
2174677564161400064,11.372631,7.23066838297462,0.2351954658886179
6651451409908425600,10.898015,33.19375053336591,0.1488623806566927
3441145084801214464,11.275766,3.896567415028409,0.2741029303784357
3441484760885586176,11.781236,3.6161447382884986,0.3191325238572771
3442172745919329664,11.681427,3.348860418800168,0.2409786950421073
4259861783820291072,12.470649,12.93093855008352,0.2807510082573754
3102810199992768512,13.231081,2.106757443822954,0.2114992886065746
4320807988232100352,12.655644,10.626863030127446,0.1913054692227252
4320868358294252928,13.973494,5.949406486329902,0.1227766375118542
5981406000300438016,10.565082,10.787024878598144,0.3175218845433614
457807268533229056,11.226746,3.6501815291441617,0.2665341145351581
5598880063835318656,14.248869,3.397761924462974,0.1179236539826882
1820309639468685824,5.461868,8.381965517362739,1.6673186211551927
6236116213975783808,14.255766,1.0517367191048623,0.1651640645910272
5880087446907041152,11.137751,16.708700574457726,0.2933308690895849
465012883624730624,12.365735,3.239155437313032,0.2798315965903898
465365517618881536,10.866235,7.468600555163552,0.3787199683251617
465719182408723072,10.471635,3.832644265104863,0.3445429791531086
5877884919005345024,11.840678,8.036446375536958,0.278213120360597
2168490814081092608,12.097584,2.030532013005842,0.3599403346418018
3663348550752401152,13.600697,1.2184470206325952,0.140308816468369
2060907591353171840,12.059084,8.849830478738067,0.2105008225311247
2061129486527124864,12.59711,3.438074115437858,0.3351757475436694
2061246206571925504,12.4397955,5.051550356108868,0.1782702782942619
2061395533983428992,10.060436,41.334371056700896,0.227949975548391
4103125576704569344,14.194278,14.17955037026786,0.14446730409714
4063826557167149440,10.956502,5.7482634806430095,0.603805143891647
5522796264374512512,13.77815,3.667960850432216,0.1394976609983229
5522997921672799616,12.45252,4.218060511080198,0.2296265350658002
5523153502573690880,13.513978,5.5832709240168885,0.1161902271527265
5523162573544337408,6.850103,20.42887829096481,0.6519868594191308
5523256203825403392,9.684736,3.1272818504986564,0.5310446036465994
5523329321349889152,13.067179,3.821112717383336,0.1571879414005959
469680173047881344,11.661676,5.124762244320465,0.2496974384498375
470361114339849472,7.179552,7.912250468798467,0.6312871051788481
470386952863752576,10.297967,12.647196058643887,0.2165448428896842
2031776202613700480,6.798264,3.8456303178137614,1.0275263756728068
2066760837184240896,11.8525915,8.721344117199083,0.3434596644127585
2066900067144378752,11.975942,5.968627554958948,0.4127340452547379
2067041835424318720,16.436064,4.935938275546159,0.2623524277774589
2067251361107786880,13.930528,10.28911462402504,0.5137336952211915
2067549118302850304,10.56737,20.053370285547786,0.3306979206488765
5327836325732931840,9.24687,5.858464787145861,0.3716657051060321
5328248672646357120,11.924896,9.842987757283217,0.2055911175305618
5354898841641168768,12.379628,6.245413279342242,0.2294641072982567
5355057622307185280,7.8796782,28.136120434043374,0.3648658255437422
4285231777700184320,13.849198,35.26755217989719,0.1897948264296508
1816085861226864768,12.177653,1.0917784685050642,0.3649595071951584
3437377432112957952,11.63506,3.17481498526721,0.1397164518901862
5784674881551467392,12.198563,1.2380070277891349,0.35980376820989
4253056116099396864,13.090086,11.985911252504028,0.3108656993807732
4253056287898068352,15.975196,1.6377316892001776,0.3162097934018926
4253142663955281024,13.504301,14.848526067770104,0.1154084896522862
1328057184175359488,14.067081,1.4591150248724458,0.1135249755410928
5863098098158836736,12.972736,13.054281352150124,0.2164818797637661
2014609252631258496,11.592792,4.278762425209961,0.3027932263427554
4951452879691733632,12.054216,68.88657259813208,0.1373470183277156
3049028207194964224,12.86403,6.40214095245127,0.1144398022168326
3050050207554658048,9.645783,8.011728496318462,0.3549474609829651
2071433765909167232,8.952725,15.114398182781112,0.4186396791639282
2071447097488127616,12.731347,47.3031465156314,0.3016070862167082
5653136461526964224,7.1065793,1.2399228501332633,3.949502938791821
5337191279937200256,7.8237414,7.53341426442429,0.6884094888834371
5337257834740652160,11.160567,10.276747121444354,0.2018912623395308
4308963877171060480,13.441793,5.251749232426127,0.2844614677774867
4114671479583152512,13.184992,36.38584087830345,0.165173636298777
4660215133131474304,15.920354,3.3730827916650616,0.658356505211813
1827869808377481216,10.128908,5.197519215240402,0.4136931276069938
1827888951081299584,14.351302,3.8500525966412034,0.1483006972383298
1827892180896495616,12.893995,6.332444651768881,0.21102847875104
2037889315421818496,11.757796,12.963677408368447,0.2263492208390941
2037911752331602176,10.136908,41.20761769044991,0.2215982452509106
6714306327842865280,12.629714,8.306345402392639,0.1732079301990414
6704322216802230784,11.648621,14.310127981016034,0.1395734527083466
527680373482282752,16.256577,2.1467012747049585,0.2023270878381451
5525963476334997632,13.488424,2.4503549630304957,0.2190135927206715
5526165580313475584,14.568667,2.564994790734649,0.111296001000456
5526454476992052224,14.088575,4.421293976954998,0.1692894905282467
5526978119406752000,11.8555765,7.20099621945158,0.2705209905411303
201509768065410944,8.798152,10.146213057061988,0.426815482073447
201574982848108416,10.013501,10.2875587752036,0.2493796494553148
2020938380858128896,11.92666,7.378368250261405,0.1193016344271919
5855431379701774592,13.640302,1.8983157592575228,0.1281014936844755
5855468247702904704,6.2306046,7.509878077876793,1.0656070174790695
4075345968697930624,9.371799,42.81632408659022,0.32337342731956
5877723874912947072,13.903847,4.884174614976581,0.2467679744690146
4085983537561699584,13.109359,16.21268901354014,0.1929435134361694
4069645924308096512,10.239907,15.402426970999748,0.352371594084494
4069887786823732608,9.423871,42.6863249911497,0.3393156222473881
5546476927338700416,6.638235,41.48539046921597,0.5692976604408282
251864136443731584,13.300377,3.705903689688306,0.2561744383248276
252595410453952384,13.052064,1.9994836575600363,0.2372632872774616
2944446479390897152,10.90558,114.24784747531746,0.1146427979976426
3445039825569144192,11.9893675,3.046763951600471,0.2206207537771036
3445193619757587456,10.585294,6.762230847702526,0.2089344235721995
2019880203996185472,12.1646,19.87030482472262,0.3176132988963497
2020020464757138560,13.7874565,4.786971849227814,0.2716540971639867
1873112207907294848,9.205185,7.856814677186914,0.4572185443133457
1873250780732545920,9.421895,20.133704583558117,0.2877946255644045
4093976334264606976,10.267466,6.179074633240001,0.41961369288092
4094007532908816896,10.495356,13.56460179802619,0.3577926656919775
4040757699401761024,14.277844,9.604007625926608,0.1669635639717573
5893788220810031872,9.771336,48.91648606647089,0.1300914197909128
2054832033681200384,13.583451,7.297551216713041,0.2393305976897166
2054948959874129408,13.761014,5.856769049845484,0.1293759216767116
1734124248699204096,9.042868,6.165443893149431,0.9077857563636168
5864347457002170112,13.303121,61.92055655107017,0.1031213072981077
4042055226200349312,12.57197,34.78083963938176,0.1452725971647883
5613165915335320192,11.539311,5.815708685336606,0.2745445912766326
5613375028701902976,13.284408,2.871063201040901,0.152377814635969
5613411827982576768,11.668636,2.14794741723948,0.2522955148805823
5613564621430610560,12.699961,7.4196785241738,0.1059317211366309
5540422122959807232,12.559535,3.961118236497671,0.2286057411239033
5540796987700558464,12.169806,3.579003547315581,0.3546911019644641
5541229748611783296,13.867639,4.780040284698251,0.1044808283111859
4266505411026346880,12.318892,22.414774738856387,0.3332517679511949
2017334941957163008,13.6586075,14.843534875861256,0.1197147745630653
5643564972301150208,10.81731,15.982575977373688,0.3470508704684825
5643572187846151040,11.415255,29.053739061539797,0.2339648492978744
5935042378098601856,10.350718,6.812697523786934,0.3087115491619392
5935070926723295232,11.934024,15.288506527762523,0.3003618071405264
5750171867369677440,11.3099375,113.7886791726909,0.1143235809299824
5338289485900390016,14.887827,3.57157949339925,0.1309126624579564
5338331954527928320,12.277659,20.504634231093625,0.1318662029229147
5338359442320395904,6.1576805,38.790997649235656,0.5530473206963148
5338438297925480320,9.520285,4.677203721087122,0.5128611311642796
4503709136195254784,13.875596,4.253234319625193,0.1497985171046476
4103564728516764032,13.935382,11.041172662807186,0.1161706172415734
2017756639046519552,12.599289,14.572684475063232,0.1508501801845126
5527800347943673088,11.628609,4.275307052227994,0.4305063362198259
5528389583094696192,13.09577,8.751653496189407,0.4174659863992228
5528393603184053632,14.69962,22.62814367469561,0.2333035824654711
5528450228034393728,14.915821,3.937292685122519,0.1250031201139278
5528719780180011136,9.537137,12.959330301279673,0.4168916141594201
4060381581163584896,14.394303,35.27320468925247,0.1585623934529114
4116399185948808192,12.431767,29.607084352011093,0.2608317642390007
5302258008774271488,7.17335,6.696748676137484,0.7926621151908935
1828645999179202048,13.520868,1.717933241700394,0.1756482680332968
512491028363231616,13.144452,3.2392173212043764,0.1349647510700675
512504875337809664,12.360753,2.808075718220239,0.1967643670635107
512524361613040640,6.6466746,8.376141031017218,1.3449081902378146
513074186146353536,11.09411,2.871427333203781,0.3866631973348637
513282131279401728,12.522479,6.557742853911396,0.2321581561123953
513422387728131584,14.97714,2.578081995131845,0.1598283696894573
513547663335897344,15.18744,2.9419681667359416,0.1735415049474382
513722485685228416,14.973996,3.563782637148584,0.1823800332854238
513830684503187840,12.608236,5.239872390342135,0.1698505464114864
3430457002856349952,12.831149,45.868441542863785,0.2056612564020872
4253442933709196288,9.911044,7.41685027429959,0.4498032772180244
4365039549995933824,11.616016,15.201048095129073,0.2214978305350856
4365635455242920448,12.4335165,7.83542229578565,0.1936775214026204
5596920115637629184,13.915282,2.494399095810623,0.1202094187281524
5596993748557914624,13.491822,7.176032644980138,0.1844890984129861
5597327141100381568,10.147516,14.146963236793308,0.1924762557861375
5597352047599988352,11.601299,2.586120090111435,0.2504377878263138
5597379741549105280,8.315241,30.159592542715757,0.2750966729085618
5597624112320732800,11.997392,4.174314264450092,0.1960477712530898
4253435825622331392,9.223479,12.895755260838028,0.3188047126719225
5851860887545893888,13.737653,9.718017948516987,0.1100301779748761
3112024798930085120,13.138856,3.010520830522138,0.1609178191750816
3050543819559526912,13.518656,6.945637275227631,0.1197763776821423
5530071831587999232,12.237841,4.065855810500746,0.201337929558883
4045437770642084608,13.100535,13.993698345631993,0.101348158769872
4323162042636078720,13.571032,4.737067298302305,0.1659220449927188
4323381906277168256,12.490611,6.323798929583424,0.210094091684981
4323441662195363712,12.92747,6.130811383352372,0.1578079981173609
4073177525625434624,13.092451,10.86484986082634,0.1458590504428253
5325899535993521920,14.012554,6.496868771593405,0.186657902763128
5326051543475917312,14.133804,11.335496887146824,0.2766294724242468
5327245711883215104,12.329875,10.1737444331154,0.4941119655745223
5327602713866448256,14.697776,1.862231694596039,0.1473327509307651
5814122315506225792,11.969354,1.6394956691619982,0.339442363435976
5814366407092443520,10.952916,11.036811812127675,0.2456005354837887
5704794537159841408,12.769863,6.837131172837291,0.1710106033074219
2163267519678403712,14.699403,7.090768168107963,0.1584757137354292
2163329126697735552,14.847911,5.792888359774426,0.1977029611678486
2163333284226072960,13.431091,6.385503739941807,0.1838740949900657
2176050304426499840,9.809882,31.07248835369066,0.260295188872241
5335749609693672448,12.350571,8.91503713472523,0.1239353189914136
4105348686135299200,14.053632,12.744423407516155,0.1407463935988433
3102246837723495296,12.455746,10.206248791732811,0.2084328660094414
3102535635624415872,12.185216,3.937772009143462,0.3139351852578725
3448592455015389696,13.744165,1.1037299561227203,0.2150550529271585
3449106511061314432,13.233957,7.290898799106387,0.1194142150458599
6153387928308811264,12.069437,4.320896509905637,0.122989228154879
4627678075752483584,12.896897,1.8835797539484915,0.1284203741204052
4370945546646359936,13.185253,2.8438450746061203,0.1375902262041893
3418697936444956672,13.956647,2.0102913844973536,0.1160774420352096
523700107035878272,13.970765,2.4886627296364003,0.1359928157810465
523887951723531648,11.199767,5.512808474503947,0.3083867787379057
524021125767343104,13.865131,3.901331648948103,0.1356865690620229
524192787020949376,12.259823,5.6156384959431405,0.2017318247677794
2005011237689458688,11.531502,4.479179347242157,0.181449544022653
4521180822614788480,13.709255,4.838686961182299,0.2077557408838009
1785352625740690432,9.028064,2.412646759254892,1.6462935816373538
5339933251441467904,11.453989,27.562663278568483,0.2902547184183129
6707403082755302784,10.038218,55.96608076936641,0.3024330005183127
4042605428692186240,12.97728,23.04698813043642,0.1424170943384353
5600471160241231616,12.628053,5.800561435040133,0.1525302401341088
5600628115523816320,10.429021,7.197583684486069,0.2793670799878188
5600862070985787136,11.668771,3.331386181114614,0.1618949893385874
5600915775257809152,11.665403,13.45783868868985,0.114554027675557
154255575798532096,9.297068,39.63436325796842,0.7603146670761279
5715183929918131968,10.348923,5.5166669875841645,0.1890348845612812
6054829806275577216,6.35187,6.733207560857596,1.2105790668398266
6054836506424835840,11.345231,13.773109152687889,0.2442134432248593
5521354838988727168,11.1295,49.27009083704423,0.1007986009130104
5521402358507492608,13.909413,9.20774296720894,0.1060223486505495
5521459979795304320,7.774636,4.639972345209943,0.9309187277868932
1811618408045800832,12.268813,3.954110872001201,0.2299590360118358
2057125408779118464,13.83025,9.94370164639288,0.1139783694369429
2020519093290493312,13.980393,11.164504096552175,0.1003383933178937
2020714634574554240,13.681831,8.52402769494231,0.1554356007203601
198681686717279616,13.066492,2.6596077124539192,0.1257241889041283
5826400596245881600,14.488968,1.257789201328552,0.1286250923792514
5804727121786685824,11.563276,116.78752204111248,0.1151558558559696
5979794356903663360,12.545147,30.59052920450745,0.1883401599330253
6026412893938675712,6.7674227,6.061218647519838,1.2239836206721606
4041541449423380992,13.718324,12.594300978379945,0.1458163156106872
2163744982615101568,12.906793,6.7673084471259095,0.1752932648971708
1852749557493420032,11.082614,35.19111868640884,0.1757425245688536
1853221080490290304,12.926171,9.534870530832126,0.1206078700122534
5242185808733501696,12.20186,5.664514523409999,0.1999077470027839
473239154746762112,11.554028,5.788380831297347,0.212830202260947
473293889810320128,10.056244,5.065604903684328,0.606205056618136
473516128597272960,12.77567,3.932615932644449,0.2437676579688686
473615222081933952,11.346852,5.29593643502353,0.2048447843787745
4305905413775436928,13.591185,4.239630433182573,0.1635837398758791
4306046593639867776,12.142846,4.20932609864053,0.4199218200462338
4306210597003858560,14.728052,9.763139567007006,0.1284938311375043
5259873381716781952,13.764447,4.052147441455868,0.2018672708404622
393953130749489152,11.28945,9.153663812615587,0.180531841244527
394818721274314112,7.704846,2.138867774689853,0.991177518572784
5618354751226656640,13.3710165,3.5443687754533992,0.1476241357653794
5618781464810769408,14.3593645,4.040299485699292,0.1567429325366969
5334361171349250816,14.6161785,23.736291713885684,0.1901976493131518
5334506135119058304,8.573281,5.310205208677666,0.5609558933481774
5334563996911649408,11.496383,7.003929754605526,0.2288115420595848
4112037938717865600,12.253864,56.17567347008161,0.1519202940686868
5547358117187868288,10.484936,3.482546716399725,0.308198708979505
5547421437881152256,11.834576,3.56299060520024,0.2006923355409539
4042380411149581312,13.267897,20.196450996653667,0.2236754084317859
5959204794637288192,14.500015,2.231920069971401,0.2002369757253105
1765149340099555840,14.274128,1.6407712211123688,0.152582642442933
2033008274099620480,12.2597885,4.289162987921846,0.1424680845628975
1857884212378132096,5.499797,4.435740532673853,1.6884589957523126
4162634680691739392,14.434444,7.249447998192463,0.1441646229865232
4042508053191562368,13.32898,18.282594784779597,0.1878505382063886
5534048803808721664,14.569061,3.5161056406350943,0.1053857518179402
4111880369315900032,11.618893,25.014976080096943,0.1473956467851955
4105221348922429440,13.754147,21.056901386822272,0.1048876786557454
5854560115494081024,8.3030615,9.466156631475476,0.5489217090880792
4352629469629411840,12.044237,1.11588997312335,0.4026745798333225
1980786488264944256,11.76957,11.917850471127377,0.2258367327453737
1981006115714214912,11.4830475,4.638502353714062,0.1798428912034692
425146374407314560,12.12857,6.901197061966727,0.1739762861537246
4151188730287610368,14.078078,27.72548623232721,0.1428633122651953
4607612332144061056,10.491929,12.11043975424066,0.3079259936715796
5858404493542117248,15.033421,0.9303446306898876,0.1247505823970035
5337958876494096256,12.407017,7.638652701314881,0.1569446403458131
5338021170706962176,10.621371,13.599710167704558,0.1702096698912519
5338024572321721216,9.513883,4.266072139827661,0.4137353685869593
5338036117182452096,8.311601,16.646755359995506,0.4604779307805893
5254295559276699392,9.12828,5.204712113609161,0.3870621655925222
5254420143333371264,14.443141,4.425020417922221,0.1126368907592478
5254423063911249024,12.88528,5.318390406733919,0.1711509222397756
5254512193075687168,11.93952,5.573158215277816,0.280707558963442
458239995077788544,10.559181,5.365068693146465,0.3787264569172398
459035766618689280,10.47096,5.532769306333524,0.4456421682209358
4145022604654640384,15.225498,2.774105126309069,0.3334333546943083
4205497393488435200,13.401626,1.6683500031414795,0.2382685155063871
4136939132623615872,12.906237,13.562293950413167,0.2151979862526346
5957342874777966976,12.923181,15.229220279776284,0.1335084403829341
5892005431415814016,13.415861,44.72543353528959,0.1496690219530506
5228604301815531136,9.821911,29.068372964736437,0.3889775585607589
6055100659757768448,14.410694,4.138631459021535,0.1280535317621103
6055125982885000576,12.925123,12.667562598398131,0.1957646295088271
6055448178465709312,13.415589,9.075988650210716,0.2911281057629037
6055482435125702016,14.687575,1.822357808209472,0.2766288191880805
4070642734685646464,14.42703,16.780900334664295,0.1959099319297773
6050423169797108864,13.246477,16.310126058589084,0.1242242418421433
3454677697820598528,12.395659,4.6906498206555245,0.2521614906805766
3455325108309625088,10.202885,7.847418664874467,0.2340906037401895
6037442713485254272,10.697288,7.161577194307801,0.4924312904166006
5309114391501007744,13.189392,6.003523421622634,0.2193445625187327
5309174967720762496,9.832482,7.133632367052311,0.3530570064290224
5309426652799793536,12.581488,6.488332737992444,0.2657072458626996
5309498980053456128,14.149175,4.035750976906831,0.1446495505635073
5871922507947292032,7.621872,10.952890439520342,0.5516408883784639
3283721030024735360,9.6225195,1.583593631425846,1.2244162575635054
5351331755370445056,8.407365,14.095682250801948,0.4210648601177822
5351423049186195328,11.063302,9.756255662893835,0.1793727428468763
5351428787262634624,8.032742,3.640135309213823,0.4456675107013027
5351454827627440512,12.271401,6.662281913311352,0.2579850760232046
4298160728756494976,11.145413,68.32167594954808,0.1624564018473744
5852389305960163328,11.363097,4.169428997539113,0.3097896641530375
5852393463489498112,15.233586,5.364219915814418,0.1803675240637097
428620663657823232,8.57736,8.000633985352673,0.5528382649246363
428835686898545920,12.366704,3.7345603418073656,0.2189351729411052
5250032958818831360,3.4711742,35.558059912077,1.9841691082382484
2029230730076735488,14.177721,30.98859482077385,0.1762332454686727
2029246535556644864,13.557306,9.833600191696217,0.1824679534482008
5586922973654572416,12.217486,13.767999506579656,0.1262181338444359
5829232354047904256,7.8494835,2.5683899371183765,0.9461396768885102
5794141199935492736,10.235624,85.66007371606584,0.24633077064897
5870635357809169280,11.819108,5.820103074491418,0.1181550693104105
6034377923592117248,12.488404,15.880229236701142,0.1216029696074012
5405496240766414464,13.571831,3.2962038242276157,0.1074807039204396
6028686336014216064,14.560428,17.567587163751515,0.1681880215822804
4037281455951370880,12.111669,66.51996226473973,0.1242458972766943
4129242894819676416,13.151049,10.781010067661876,0.117598997655983
422226488141991296,8.797508,5.809553951877663,0.4463235837035317
422923956470923008,9.639541,4.071220492545756,0.4017635429743884
5542410585431412608,11.37952,3.737182168478453,0.2087348236206931
5542528959037609984,11.372152,3.7065536616142656,0.2308315683509923
4149348869370690432,12.74019,9.824122886620543,0.1870330389318557
461710844045583744,14.269044,2.940071749903214,0.3911069658844115
462252662762965120,11.855264,4.156638965682085,0.3205846764428259
462407693902385792,11.926359,11.261871340736596,0.2965268193135119
4207681367143932800,6.1610203,7.0234592829062565,1.7299832017287864
515527570241664512,12.677755,3.521891712037047,0.1410325992956759
515599111517099136,11.912334,5.02972037333774,0.1646976469975078
515832929535462016,10.949949,4.238828850219458,0.2488189804950684
515968341264818944,12.851393,6.014074074781374,0.1978757188073628
4344611414225212288,9.593138,1.3782370291217056,1.4097975599403476
4344670860870864640,13.927822,0.7865289926475708,0.2203795313169121
6249649277967449216,12.483836,13.208565342010992,0.1718314282711342
6653628644789921408,12.588427,1.1664016554281842,0.1187208922284125
2949613084534085760,13.44739,3.8684481477370753,0.1079145132483735
2203140071913180032,14.198451,5.2797761497458495,0.1463251892200854
2199062876642955776,12.714613,7.348883899245156,0.1478330215020368
2199092494738136576,13.660367,2.850217438087552,0.1286821964206528
4117307863590649600,12.8369255,14.858069286751544,0.1987321889002717
3125437672556115968,12.340501,3.4221360905256133,0.1693063456210432
3125834802411655552,13.824723,1.919455911010972,0.1401633513004818
4281590774975851776,13.503864,19.87746922708452,0.339937720172857
432163221401882240,10.604456,10.930582955035584,0.3207034220222278
432291280141114624,15.344132,4.3766127038527545,0.2171029813304486
1981367545804985088,11.9585705,4.236821954219779,0.2283349272027134
6083704596525326080,13.509119,2.273218902442724,0.2584038911634671
6083715900880633216,13.815046,1.3463190606626905,0.2235672420714527
5932879565692277120,12.582398,6.660626698931989,0.2094062986493068
5932882731154933888,13.218521,4.594816847458314,0.1861113563074831
6018697994426978432,15.313301,1.376999682143642,0.187225900355787
3326443821335586816,12.31651,4.66239343927858,0.1831420568709448
3327115524160326528,12.862382,1.5318479468559116,0.174444359422387
3327281790934522752,12.339735,4.802556811158777,0.2223569073392172
1960750328384177408,8.745005,4.864278854591586,0.5199990112328283
1960981328902089088,8.614144,5.331728887998482,0.5554901042127909
4266208813461315072,11.033095,8.796098306981008,0.2143435175681138
4266218129306491520,9.086529,65.17418056778189,0.2356448998027448
4054440301294394624,7.6038513,4.527729632474779,0.960099975039221
2168683473441151872,11.391362,2.418306404914904,0.4800885889850391
2168881591694145920,13.8273945,31.13333052694617,0.1016033796124778
2168974530478099328,10.092728,9.722917818220145,0.4418939920074577
4050192093279220736,13.229367,3.5204244298103937,0.2650456272745308
5845572265108049408,14.667844,1.086512332096503,0.1598093448942508
5845741383716281216,10.942982,18.951682443517345,0.3135089304080078
4052133899533889408,13.559023,1.7248256093263226,0.1701900494239483
4688980865579290240,15.878853,3.858549351300354,0.3187795135079815
4256556097804323456,15.778352,2.0574985096002347,0.4948513724396083
4256616777100386304,11.839467,6.424259132257761,0.2393209926829859
4256740751371777408,11.178543,9.993386422316188,0.3591957527194718
4256744187345732224,9.899057,11.05483132703628,0.3279378863733871
183814674602852480,14.398995,4.248020555103831,0.1647697958715106
5407158771054299648,12.950014,9.402170698721756,0.1220464164546261
5336957839849307520,11.849925,13.36326174855501,0.2314310392949007
6637797743231941376,12.481361,9.878705261703129,0.1315669409510917
6638377559519795456,12.874624,1.378232089033912,0.2296557364010487
4037438101994829312,12.686836,28.55693083250227,0.1290778100193055
2213284887737841664,13.42052,8.446234513459173,0.1912934280383498
3119433991174191360,12.538434,6.932552425970202,0.2093264552092606
4041690364529590144,7.4897914,20.329497690713037,0.72793709911494
5932261197885104640,13.862816,23.49486749111589,0.1213328606363699
5932284528150696704,11.714038,2.6432055231477345,0.3312029072013174
4589034532709089664,11.989257,23.59633948294601,0.1323938777698635
5241757003545248384,14.370287,1.8436812377128216,0.173342546952834
5241780677399802624,10.349283,10.353459696710464,0.2476523566642954
5241804518715438336,12.234319,9.850982569931915,0.164905165973342
5587972801102905984,12.21771,4.243593304072532,0.1532556447988327
2170785842762144512,10.186083,7.966407011422898,0.2733857149679403
2171143630713575424,15.407636,3.434941363015035,0.1665719594270129
2021147807811087744,13.420625,5.170838113219487,0.245162570616875
2021149938115539968,16.509975,5.225751434419543,0.39058176599352
4050309195613114624,4.585245,7.595387017543044,2.365032746876402
4050329875830986752,12.714995,12.170046144034275,0.2609156106609376
3346584610911570176,8.051365,4.034304283566763,0.8812160582578145
1827400527412737920,14.990349,1.9104159880622933,0.17700182100289
1827508451315817600,14.674334,4.478231554961491,0.1861044157172637
4072966007081949568,12.309901,7.313861371169706,0.2171923173957236
5306075616254518016,15.257111,2.694464952011652,0.1248315846136839
6726052960315592576,12.570656,15.300458768750008,0.1200260847941809
4299958597754397312,12.447137,10.864836447887772,0.1497325919850033
5950119117739256704,13.381473,2.264372556855026,0.1779496774642657
6053428684887800320,11.385407,6.121043201109318,0.2817375350030062
5933747084720347008,15.021172,1.374786458327021,0.2022517305167039
2007201567928631296,8.185639,10.886217574943862,0.4865942070663286
2007341583859879552,12.352886,2.6074631188551742,0.1737769308859805
5605736961940589568,12.870011,3.336307488221052,0.1308959302272425
4056559296402394368,15.242577,10.902239632947564,0.2141717324280319
200016111582079744,13.428235,2.120564220136276,0.1305523275294392
200708636406382720,7.36267,11.62400752131378,0.6182206182940352
200840126828455808,12.07313,49.61644590438725,0.1756239127140935
4293157229319068544,7.250043,7.476223095703373,1.068258254542286
4278220741789022080,13.68471,1.1630258125201318,0.2100094453795178
5836318878403377536,12.178758,32.0944115384777,0.1935540970569955
4060754379934213760,12.598833,9.17124202555403,0.458031839808868
3052092481686246016,12.476064,3.2874236154837573,0.1963534289551118
5856324183147671808,13.203685,1.697367976564402,0.2654965009699404
510584788742165760,11.382242,4.27823892803581,0.3893990560332845
510852725982463232,11.645364,5.399445221060142,0.2277501380294448
510907323601978752,12.612735,3.755512221141751,0.2952150044467553
511003320409595264,13.163741,5.954443098267465,0.1364820672991165
511048061089677568,11.671508,6.041075871576726,0.2981917789997395
4651832387749602688,16.122938,2.4171916210029685,0.9507289408774529
4313179507891570304,10.064854,13.441567384916487,0.2987403877178257
4313263895380890752,12.624814,5.6264182911139935,0.2506703422372988
4063021852156352384,12.895849,38.28067709196427,0.1262557006233236
4527596850906132352,10.172406,1.3074300451030156,0.8469345866658187
4529105346500347264,7.1606226,37.661112920334446,0.588709010788806
4038623001982306688,13.368439,1.941799553601243,0.2927114314389711
5861760958949702912,14.777383,40.50592184778327,0.1415814549786485
6643297500393311616,12.458631,14.834866550990752,0.1062209955962992
5429835820412208896,13.633365,12.714145605733718,0.1030869376636497
2007759089047681280,15.129526,1.6889054066282008,0.1361512364462809
2007997408188526336,10.695987,7.232410037318362,0.2313834921296386
2008283006328679680,15.041874,3.6962573124328326,0.1505672979324248
2008504454839717120,9.031693,6.23293282641569,0.6727019569293876
2008548332226448768,15.035847,4.647445007216416,0.1398991800408681
2008570391179169792,14.603913,2.99021770259848,0.1240439775430886
5330212537852847872,12.092416,6.627846396610582,0.3434801534238439
5917521862152617472,12.873198,6.9722822898356505,0.1932711523721152
5875925726734405760,15.181953,12.443666561389309,0.153549680160248
4111834567779557376,7.069333,4.067673052069607,1.153767464787478
4157780096333716864,10.796069,5.121725882788782,0.5507639339978403
4154411776823714688,14.466032,15.551998144426395,0.2140362951775312
4154536747505387648,9.3241625,3.3849211496661957,0.5329079532666418
5601254523607154816,12.7357435,3.716473185306232,0.1286126048959463
5965206341417253248,11.6718235,9.56140335408347,0.3350400165698193
4687429660780039424,16.805256,2.815353932443528,0.4091081279416571
4687493466840674432,15.7192135,5.094898984548693,0.7010413639861293
6073329329911803136,13.697332,2.003453587847216,0.1958375942301248
5352181712213705856,10.245079,6.983574478082097,0.2900511643841943
2033483641084424448,15.092587,6.794838854971139,0.1214319402901208
2209335510692749056,11.3714075,9.5036575643908,0.2473479498540573
2208664430643981568,9.704165,8.557739584017249,0.3755082897413859
3105860283909081728,11.504902,5.456384166052751,0.2206189026288878
3106015688704277504,10.566181,3.958368711999831,0.3445395252474389
4096341040228858240,9.810608,9.761957813738649,0.3715626418772479
5333259323269569792,9.857286,3.1749662810162067,0.3997939756010625
455914562346088704,6.000012,7.572579841010747,0.931817672632079
229602496313775872,13.667037,2.041604935601768,0.1256176246067246
4143439926422317952,14.27105,8.592187125455101,0.1247473578242036
4421478929255408768,11.301178,25.678273766903214,0.1381929377145256
4421572147228442112,11.493106,26.46485946139265,0.1063153767177072
6711838061674876032,12.4501915,11.67578085262127,0.1322582707615296
524686643840675840,14.839547,2.7348672460168424,0.1311057372490045
524713856754200704,11.521353,4.702570529361752,0.2955943644393783
525136962570940160,10.244861,6.271866182083773,0.4101483932972598
4080122796947250176,7.2488747,5.153860194792976,0.7739499433712301
6157795870424183552,11.676366,14.215082618868578,0.1810912220910409
1977074811892425600,9.062985,4.323754411938643,0.4085105013563146
1977320277858125824,13.979271,3.531137312724854,0.146245244648912
6734671001175199104,12.9222355,9.684584853375563,0.2091969730091178
4103989346187406464,10.077844,5.544769752972595,0.4255871432580989
4389902192257874560,13.091913,1.5964626149351375,0.2480430751580858
5433200291631896064,13.218283,24.69328187897655,0.1387322479579295
3330259852538068608,11.259904,3.8886843059291736,0.2304973815088254
3331144684519753984,12.753648,5.090622362079883,0.1974879737937838
5957872294006202112,13.409157,16.550895947602,0.1788350373813453
5957918469109353216,12.115827,30.34778299109439,0.1144829200411282
2055014277739104896,9.016481,5.954939175765905,0.5130008170404031
5539023922122441728,12.4688015,3.707720784529815,0.3337648237273621
5539107450645759232,10.684582,5.564487895143873,0.2978085096621878
2055076881193162496,12.979786,22.322280815419983,0.174411221353475
2055122987639665664,12.330799,4.9523525374665285,0.2786490589074578
2055324236938822272,14.200416,8.67194538251853,0.1279663146055063
4063252028038362496,12.796165,1.513746555983645,0.3460526256595548
4068898810519269248,10.027775,22.54198697362675,0.4373608038338066
5877982466278766208,12.267874,15.96970506961338,0.1773033338539711
5878085442395985408,11.603407,21.230908064851743,0.4212865857854328
5878388529664102016,9.965778,17.091114529861613,0.3034551098490283
2166861170366710272,10.372326,4.049253856355006,0.4099887735978065
2167601931957286016,15.43822,3.948099110652948,0.1231972872665102
2200995921154697216,11.254869,8.97626618859399,0.3496417725706405
2201578731037441280,13.112633,6.564445497363772,0.1206395222447238
5336389564126521728,11.05091,12.1803937095058,0.1356745981334466
5932997939411720960,9.819569,3.452898374680187,0.5366640412932773
2027827959400312832,13.380204,16.23432961423672,0.1727970793364942
2027951173435143680,6.809188,44.91375901417722,0.3729324394335874
2027952753983439104,11.744125,8.305996267604451,0.1480341937690363
2027964779892391936,13.937573,10.534116425594409,0.1472885208893939
2027971514401523456,8.151961,69.467416955503,0.2051410995918394
2028007042373383552,15.100326,6.46852737138377,0.153731058309944
6028115208440113280,15.264912,1.04537709282644,0.1773916697687746
446933167250144384,13.255598,4.410230564356642,0.2157022924086832
447183340501268352,10.713,9.715327516192838,0.3674629681607327
5855852527008107008,5.8812647,9.659262719577312,1.1706956927919685
2952257272558933248,11.783398,4.85924812648135,0.177204706528876
2952714394517032320,12.676683,4.636198261949187,0.1984351757105753
5855676944429471872,11.891694,21.287294163718943,0.2542647147254477
1834213582473654144,10.7390785,5.630986396481902,0.3964417992677365
2173195216334113536,12.650664,5.318869589635334,0.1535211399289833
2173372542630709632,13.138112,6.703859356188648,0.1256059915916394
2173782183742263552,14.180645,3.360405999381316,0.1530007122016234
5862127920963616000,14.361616,4.473102332667844,0.1247420216333936
4095410608484389504,15.584512,13.985253605842948,0.2861035270791503
5932373588588495232,15.321869,1.6494388422441832,0.1664613143917668
2049057604777831936,14.149211,1.8874388635206047,0.1055894309293215
5565224592715353088,9.116276,97.8547824286628,0.4455331106495375
4510925780739110272,10.592007,10.38571279037746,0.357805837773167
5974625002870490240,15.190003,24.4985646825274,0.1867953468709994
4326738650856461312,14.909281,1.4565733957952778,0.157907246793544
2028224024136014464,11.292205,12.22764316271252,0.2227043694401971
4145697876614018048,10.731964,9.010219392781153,0.311757294558506
466232585618161664,13.691114,4.414908146308054,0.219373095436235
466906311366699520,13.1359625,3.032896349204641,0.1168720254256034
467496268077100288,12.418963,3.905301910848596,0.2155514676114611
6415845756203249024,9.892217,80.77727615261598,0.2211408707508138
4148449331430886400,12.513169,29.46295765411284,0.158331783560453
4148483283206223104,14.214513,4.179888367110529,0.1704471836874282
4048758643709571840,13.534889,22.58685326629522,0.1694571687049181
2058874388200159872,11.564838,7.578310750141988,0.1970336260838849
2058895313281315840,11.680613,9.443988577995214,0.2451208827763981
2059001995949587840,12.2041445,12.973108002269262,0.1618940278619131
2059035466654739968,16.040384,9.70665276290666,0.1618385624888149
4258760000140242816,15.497358,3.0285895711834354,0.3317481566804258
2016028168089215488,10.186771,7.802199105063333,0.381051765685101
2016581673416790656,10.353205,15.087595063310054,0.3035762285607484
2016626856473497344,10.928101,14.379869934897096,0.2223396099296417
2016648022068515840,12.258641,4.742884843523951,0.3325027299249212
5254653759541047424,13.992418,4.239346128468057,0.1140512768342284
5254660837647740672,13.31873,15.778990430242384,0.2118787321921435
5254662177677566464,8.642382,9.76879251493942,0.3504676072003073
5254665166975458944,12.318498,14.071484502264694,0.2096096129911347
5323055133778309504,14.059447,15.175989412786125,0.1153003672222063
4651091110761609472,16.048208,2.007830384002588,0.5082350216293449
3374837008864233472,14.578293,2.134505743895504,0.1905040988105761
4062964948064669056,14.324269,8.116017506262237,0.1852184292692004
6057402526059795072,12.062953,4.988153781753572,0.1938814226661323
4265899816338237696,9.433443,7.304052113220615,0.4723784871656722
5928679298180167040,14.2454605,0.8567699257612149,0.1997924917700034
4131472360791082496,13.634357,2.249138750352755,0.1207390675252331
4304937396883833344,11.558106,24.0503081064306,0.2415921355740055
1808020329279916288,9.986552,6.107761129882801,0.1472512659530543
4122383415422201088,12.746641,21.15535966086366,0.1599428304200999
2049531563002338432,12.355277,1.6011972711525535,0.3292253002788273
2027487621870155392,12.596078,15.211916474166705,0.3288406536563368
2027621594813939840,10.410435,13.6036295078928,0.3127580551083698
4258175403559021824,12.6844225,5.255240366300269,0.2127193269650264
4258250788823152000,13.200932,7.2543954078737745,0.2018054993700167
4258436301367796480,8.713349,19.704220063196736,0.4815933843724023
4258464094075919104,12.498404,18.32381539208373,0.2687781006803593
4691003760759885568,16.901548,6.810699916270896,0.2645586946673589
1659676827481828608,12.371898,8.136507829535958,0.1445758058159157
6044434301761335808,13.065886,1.9555252481559515,0.1830470142636152
2934506447605426944,11.590043,4.2060135004169785,0.247059851492416
2934712880912798464,12.4133625,7.512282753987889,0.1862623832956368
4756608527218082304,15.654634,4.290487564590278,0.3579697861406596
5410481289035316864,13.117008,7.655994223726284,0.2663977895758839
206211859601169792,12.583887,3.407057263406832,0.2246499533548963
5962292846122555648,14.427308,7.774173490951882,0.202566080341011
6053622679932061056,9.076243,5.265127051897623,0.7198831466148092
6053649721047932032,10.896206,6.165979228599984,0.375639227734181
5520067276511755008,12.815186,2.177881409626523,0.1152989174027026
2059598687167348352,12.695169,6.225610897233984,0.161036687693265
6723975677937153536,14.193475,0.8392734325676401,0.1609404896719026
2130507330205591296,12.746123,10.40283799137489,0.1349353278579066
4109863487068447360,14.490279,13.770152003487816,0.1776664200400673
6736647648207615872,12.588473,4.083257820221746,0.1709044785378967
5928982278006613888,12.02525,35.2705384647629,0.1010365608597651
5942939586042680832,11.438606,18.971009412782102,0.1475279626268948
5942956078718518016,12.075803,7.522337682723954,0.1559665978397854
2058374144759464064,8.587173,17.068686105571178,0.3665219362597818
4188140876549643008,11.77943,1.6244584785680505,0.4400338992327343
511362109099936384,12.523487,4.68777869386145,0.2047377954179072
511706805997227648,12.738343,4.133137279961631,0.2302486305656748
512445643450975360,14.048901,84.07734045582401,0.1589795845630295
1964010169902699648,11.651721,21.535930271906068,0.1652795824703054
3099066951319051008,12.664207,4.808935684666712,0.1410832571194616
4109399557488476160,13.033356,36.51803712253823,0.1554767099466437
5982706821324107264,14.244761,14.870714492213356,0.2198927443770651
4255229094685654528,11.02898,6.411017414284907,0.4586778763435941
6217308590845895680,8.357242,2.0605995616074977,1.7286451374925518
6881466356222227584,15.165926,4.5739045853184335,0.1671809033733275
4173253630874117376,14.003828,3.3026101582076057,0.2623758689516359
4153413252782596864,10.773455,24.338129148923628,0.3619243025695911
3368698813404804352,8.193092,7.56694930079696,0.5552313580942635
254137750389796224,11.798166,27.77925916338253,0.3391523772013007
3370309426139897728,13.882389,2.521504176857174,0.1575528152670257
5868451040512196224,6.474747,5.623383153680925,0.8889738968619683
5868480143187802240,8.10354,6.4600384856823165,0.5082061952261243
6033478866678506624,13.609322,1.525504560138491,0.1639506675093989
2059881712659581056,15.583433,3.860557193023204,0.1320333489793956
2060021625508894592,9.520483,4.364672314522367,0.3859032898628231
4125177446265160448,12.937073,16.028616719862285,0.1370068471606245
5529090109446895488,13.209294,4.040370019559849,0.1213122910258466
5529536133205793024,13.68884,3.642548010684368,0.1628876755517515
5529690885168872576,14.753662,3.344410674705114,0.1458737693344278
1824511899869141120,12.188064,4.43724220236643,0.2728041239249139
4322957769667291392,13.712429,4.607624598955533,0.1773148335268403
6032044351919156352,12.853095,12.794341597821612,0.1460649960643201
2060460704279873536,11.609158,4.945020359758307,0.2708984444391894
5874472412847722112,15.7353945,7.364371523368189,0.2358099643104859
5298811864459569024,11.717903,7.440615212966942,0.2574317262977721
506699870563323264,11.410275,4.565795075320829,0.1312036514424137
506779550797525760,8.893997,10.881822093733051,0.3635678927977495
506923449381427968,12.279188,4.00731508595093,0.2025880729505353
507558760939249536,13.864402,5.460564290922299,0.1315412420719503
1113929871645836672,11.164392,35.008758072432656,0.1117494259552962
5824464493705913472,6.469655,3.3892682782242503,1.5431832870229811
5865206961464617088,11.153867,12.88066969459292,0.2084973712985102
5865214662485305216,12.01321,15.213654120398502,0.1608156118137138
5865376148813776640,12.234218,5.55485667685776,0.2699849683455959
4112312369954849024,14.2802925,1.2421882883401878,0.1625689110031566
4204653587029046400,7.3527784,6.807355952226221,0.941018110586877
1824960745472142464,14.584886,2.180824235369659,0.1916814326319024
1862255045980597120,12.154722,40.123255897408015,0.18292174324197
4386330497453246080,9.851965,30.44429730551586,0.3936321748272183
6070968261816221696,11.957947,34.63642400311025,0.1402143715420432
3423304890166708864,14.750286,2.9456069015129374,0.2765162543417281
5718760258978008320,10.093162,4.7010370531627,0.1963982654316868
1335461398554969472,14.489645,18.702998631753108,0.1016727761811734
2178267022947704704,15.020751,3.2141083006628457,0.1521847139306212
2065676860459788160,15.4925995,12.352977741242457,0.1987095930500935
2065869957888142720,11.361844,5.68437306697526,0.4967802871689176
2066169128129884288,12.224817,10.610164168318216,0.3983656206073434
2083759085103721984,14.507269,9.445741760946431,0.1478672473499326
1306279466601099904,9.831249,9.707735320918548,0.4968227964114784
6096871454393708416,13.289023,16.978753182235717,0.1363285806168822
5922830033721226624,10.722556,37.92077544937712,0.1652859372826817
4311851087319235200,12.899907,8.042588102000822,0.2315278009383104
5964704143786910720,10.953023,10.990776653123172,0.3804640186531334
4100278455704428032,13.428995,8.74150522416321,0.1347705517216865
3035408251728251520,5.807805,45.62684091223927,1.2777846578288274
5854322827138360704,12.0932865,10.601853079588889,0.2861451222071613
2055676218106967936,14.037378,5.49988634093729,0.1544063335993946
2055722599436380416,13.577673,9.824658485915773,0.185766438311605
2055809495218465152,9.849618,6.7173915197932965,0.400681076956708
2055835819085546752,14.423666,5.740214682017805,0.1518754114797127
2055881689337758336,11.413767,11.557078875055495,0.2780698938906182
2056068193989793792,10.115674,4.612072229090385,0.55836674276519
5823134325151372032,6.233585,6.323304317755489,1.1014269876428249
5308494438744151936,12.709443,5.354546101860751,0.1642752585786849
5308893149150949248,11.1879,5.904433801414301,0.2610801889899076
5600052040150252800,9.341325,23.172331970443697,0.2010983273106137
5600138420530755072,14.901716,2.8976163631508767,0.133209988944816
228741784865956224,10.70586,4.290086992791353,0.2776932667960808
958623063948528896,13.326497,1.669934506646733,0.2050758047209008
2028502303636578048,16.89172,3.268116618436479,0.4358459353956149
4077901439957549568,14.442749,5.417171210286903,0.1394095136734174
261548119462093568,9.128825,8.002298752607455,0.3927382134717123
2141004260338257792,13.083319,7.227435176214649,0.1006775066668571
250807196530369152,13.963199,3.3727812279722067,0.1483124874832535
251325959859513856,8.680821,5.628988161243501,0.6372459848176896
5866191402324493952,10.664223,17.750870865017845,0.2530747552167399
4062250540386015488,12.778901,31.711604790670677,0.1823788377573622
4062297888106853888,13.917773,3.8561647071313305,0.1524167669199702
6109579880366892416,12.295642,1.152509560718754,0.3580922173807059
5932812431123862016,9.610986,6.198083970439282,0.4440554717024816
5854021702729341952,12.67542,12.540709185767843,0.2186622414382658
5311616398935271168,10.914142,13.236594053272862,0.1858222417691085
5964193485048327808,8.963354,28.696567942641384,0.4315331149425234
5964452286916530560,13.710389,6.15620341028977,0.2646089706504
2078709577944648192,8.946757,4.925512698584912,0.4207201785813663
1825190337236422016,10.669123,32.061229190006614,0.2640793215145402
1825211056159949440,8.8266,51.56622516517993,0.2957796895240155
6629467186007019648,12.034184,14.880192043226035,0.1343953915558778
5619159628093208064,14.603662,2.93069738067695,0.1238502955428871
5619192029327633664,8.126852,3.0121145981256925,0.656420349465145
5619369359933924992,13.743175,3.8910907697724593,0.1065166585487212
5619786177922254336,12.578063,4.175658240189027,0.178035447895955
4922986180050913536,11.8322,115.04380865802288,0.1098707826376875
3029446630962736896,10.553705,6.762858252684044,0.1852362920534626
5547742052903182080,11.060644,5.465103967358141,0.2320767545002116
4467682847402219776,12.533261,16.414191256550303,0.12535813245925
2200018111723748224,11.635483,3.767833151156657,0.257494339542913
2200136721542850816,12.590158,3.799281704064151,0.2626718459981471
2200153454733285248,3.8505998,5.366153535514798,3.5550642334569478
2200288041828202112,14.449951,4.10700317184683,0.1269863712151526
2172278803454142720,12.430467,5.852412902561866,0.3242624659709528
2172625119548821760,11.950454,5.392510179154852,0.3180410699152221
2172686554763264768,11.961134,4.5621010930762855,0.2225404654266131
2172735787961250176,13.387626,3.296605831001372,0.2380208703113239
6879331413876961408,10.635055,28.717778208320453,0.1661377565590414
5311139245252191616,11.716727,3.590445489985904,0.1831674642383889
5311352065144961024,12.396818,19.530241614298173,0.2135407128992472
5254070090673438592,10.077036,2.875924380536462,0.4039279757738218
5254071873026676864,11.271922,6.4539915872520375,0.2033727362582468
5254078504458244352,12.863475,4.483689788398603,0.2116198308350184
5254097093074642944,8.853682,9.198734625781489,0.3854811329203991
5254169321583635712,13.438211,7.983524779173155,0.1308781163714652
5254281334339678208,14.000141,4.089456237329114,0.1286196376361152
5329338700985814656,13.2269745,4.827547235720185,0.1304731780084733
5329352998951582976,7.7874327,23.352513760390675,0.404022474538705
5717854265702401792,12.079961,2.0189755267067744,0.4056933490995173
5350977643913585280,8.878282,4.8601193562826746,0.5002828307371373
5351161399793209984,7.337772,18.881454785477946,0.5534810727489844
5422477922959825792,15.444394,0.5597106717764326,0.4006780334957169
3039534959381036928,11.660188,81.102329769359,0.1504542827509395
4685878142508522112,17.259726,1.7708061005705484,1.339918943940075
4685878864136798464,16.07545,4.671669607119607,0.3732702644194978
4685885568550055552,15.965668,5.623565871262243,0.2347057440167058
4685934840424258816,16.79408,3.7372330511274594,0.7844502204537069
4685948167679123712,18.15001,1.3114529193711293,2.4365958981602125
4685951161304295936,17.422012,1.7077526263788816,0.5724579960731241
4685966176513534080,17.63508,1.1918745275368885,0.4216438957922872
195373217573454464,9.457623,3.859454602946834,0.5060727369856335
5988095532144665984,14.843608,1.758833586664571,0.1397772766633768
5888819699572539264,7.213343,9.276907986801332,0.8408077446720916
4077588418358577024,13.163397,1.7149062429451565,0.3200094547691667
4077588452718318080,12.324228,1.6906981023252503,0.3548277456547021
5522272209643267840,13.944524,4.728135340935839,0.1188294012762211
5522403017163255552,14.771245,3.019943945523519,0.1644521575328267
5522522863932402432,12.027062,25.37394345127261,0.1599032948395269
5522534374444924672,13.512017,6.350501895363444,0.2590236460292978
5339394082770287232,6.5774384,7.719662455778343,0.8586829351745597
4096776962251069312,13.933495,1.325179190871367,0.2130556272242613
5873984023533350400,5.6583986,5.2735458009243725,1.9624471914723849
2402785682420206848,10.507037,38.76463948001207,0.1677231588011128
509629965971797376,12.351628,3.843146951472773,0.1873402756457899
6144045107427693824,12.365414,1.5200669655626282,0.3023546695770543
4058723174070783360,14.662863,1.2388054461350653,0.2779325110115537
273618936069985408,15.223203,14.967209633607451,0.1466552455219825
274764764629294208,13.705389,4.716320964501767,0.1512020838491461
4094098826707138048,11.631017,24.40855896793407,0.3495514444360664
5847605601366390272,13.245574,14.068744748974533,0.1561769503982845
6516492301829828992,13.496759,2.4536638903899903,0.1342570819944362
1834795430275435648,15.261968,13.204772543336498,0.1485883829422009
1789512215668452864,13.058917,1.70863065737362,0.1189611170295524
3339415417140734208,10.609664,4.231978388684421,0.2572458706375235
4265371574109405824,10.616687,2.9878514658540816,0.4343895919199536
4036718746515296768,11.288654,75.77452756290103,0.1812607581942986
467560314629168640,11.993787,5.904156480249446,0.1600392697124004
468431815031779456,11.958909,6.6029934413391285,0.2484427152168835
5342889189698300416,7.984604,5.507920745783311,0.4260952566389334
898874021546560384,11.350352,3.228622191669465,0.3278279718004022
4052774575604865152,12.920673,28.171500466765124,0.1494599545432518
6096564686351860992,12.452935,26.575813358114026,0.1425826547464141
5524087125374526464,14.603509,3.167392545676081,0.2300080723167335
5524866266801248768,13.894581,4.163301149249253,0.2554586620479541
5525918495131126912,13.05628,5.591503400590431,0.1715963693554418
5896036034879202048,14.605164,40.7177092340858,0.136021644985017
5896071081804972672,13.413154,14.444007529636265,0.1081490840652536
5626365410677889792,9.9511,7.21541350321097,0.2367508835683572
6059635702888301952,8.119241,3.837622498272903,0.7421630410367415
6059764002146656128,8.171859,6.220663211391806,0.6377498662851612
2010134274671099264,11.522487,3.9194180377877057,0.2684502696695644
2010285491880986112,9.355734,5.44091216438759,0.4362767267755628
4285878256152184832,10.998648,18.992527178144567,0.3180863674887411
4253319586655999744,13.705947,12.708506214972848,0.4711416015088048
4039259683524308352,11.99407,26.718716650581264,0.1336682447250105
3437868570213317504,13.447388,3.505132967692451,0.2636548626285032
4111218875639075712,13.701712,13.820703833197026,0.1450389543439513
4117692525282062848,13.624284,28.104651417961545,0.1243710056655083
429385923752386944,10.969141,4.365371186276669,0.2683305237457323
429562773322439296,12.005281,3.630243477024075,0.2517722828479552
429873900755069440,13.492349,2.097298483535881,0.1882151277182053
429890595286480384,12.162119,4.305509427733281,0.2434820970925416
429945884408637696,13.076919,3.878616132079576,0.1960905401844602
4076363528037529600,13.250044,1.5332960688136872,0.312618756843467
6031320868948118272,13.09608,12.724862234938216,0.1043183075390047
3113203642894208128,11.612619,3.908036864391599,0.4168213155196382
3113441691460573312,12.002964,7.098388210189321,0.1569116064267761
3113680251125330304,11.283051,4.022602958431276,0.2515187959380632
5914096922097061120,12.218778,2.521939957096615,0.2413872785638679
5980608717048873984,13.216161,33.318694812329184,0.110028872314002
5866441717342423424,14.786875,4.7445498032887325,0.2941437233627906
5866546239659250688,13.661861,8.387742690356049,0.2475298263994948
5351721738384434048,8.226542,3.682344081011234,0.6417385245549863
5431999418776812160,13.425167,1.2017296504910018,0.2338269961745893
5537743094157581568,7.1557727,5.083751954550861,0.9110317878697062
5537860123428416640,11.558196,15.560239020722888,0.1491298386393232
4153177128348076032,11.466918,5.763083125480518,0.3398057375039746
6030292619420564352,13.955452,1.4983623538695148,0.1290710382724227
5867740962142358016,14.201758,88.70393796526444,0.2356123452814129
2063349022550766720,11.324184,14.08547939825654,0.3475579295082209
2063816658582331776,14.394754,6.582803038609475,0.1946321702081688
2063862597552413056,14.277228,4.298239647005775,0.2811423717209328
5986467808260909184,12.137439,26.745559027538334,0.186647469014065
5539854912393784448,14.458127,3.631361401204796,0.1637978332178699
5540220908024647936,12.775922,5.030036600458381,0.2371122439395098
5872361758500330240,12.409908,48.537391356897984,0.1336955944503793
5872414848624226048,11.40437,9.95776724843718,0.374682587177755
4161479334488856320,12.577948,21.0560199790412,0.1774566713286261
5519196703818908800,8.080693,3.6727726184612655,0.6799677466559306
486834100624652800,12.677129,3.9972016586298063,0.2309884128169487
3390186156826555136,11.602828,5.06581973476715,0.2117435086258902
4047312644129282816,12.191048,6.593299755595055,0.2359396529090651
5323839566610513792,10.723827,6.255661998356016,0.3276161716900183
5324034867356093056,7.220882,6.923682646133043,1.0362069211939346
5954403987593491584,11.441412,19.814480216333656,0.2086593072337278
4064657543138360960,12.858366,12.982691519364218,0.1443254022662312
5853901851624637824,11.688263,7.797157370567708,0.2145327165975305
2030002003130970368,14.572324,5.632015999371033,0.140520042753528
2030036736506607616,12.526743,18.45184034275771,0.3442701678429684
2030063919381336832,9.393191,7.818315864271902,0.3890760568171093
2030128270848802560,14.7961445,3.57409771292599,0.1365134100865456
2074655609859721472,14.945006,9.432392367646134,0.1140285339943261
271861779051593856,13.604829,3.7594449744743166,0.1267112173818721
272137893907447168,13.21476,3.542532184853381,0.1881134531469927
272444829450300160,11.908398,6.569716592153157,0.2250904263055801
5946131429581661568,13.220223,7.227874344336041,0.1271932884303138
3324153371114695680,8.132302,15.229709339395576,0.4323756902836719
4333737385964345472,13.36072,12.058710796313845,0.1557650916937413
6725084359289764992,11.254349,39.65655291713078,0.1017989723387327
4099189015819292800,7.0141516,9.557729564579994,0.8235234718276118
523028855183898496,14.016974,7.924158799257735,0.1804184841693842
522468168674975616,11.081203,4.2595693433577,0.2224813731933196
522609765154882688,11.932893,5.079165715275537,0.551143369584238
522686013718197504,12.5821495,4.900255513637092,0.2158588208429395
522737141009400192,10.328677,5.993911619174352,0.2645255421868906
5864522588553955584,14.883258,0.5990258658944467,0.2954919089716918
377753613615880832,11.54578,3.2009239840318413,0.1775348543947251
4688969282053201664,16.511671,3.2832761764009506,4.193851901480119
1968971582984827136,8.998431,5.257661094161862,0.8637596783621916
5338048963383139456,13.159554,9.287342662933044,0.1193552531834642
5338072980840100608,9.864795,6.695908673035643,0.2329406363908199
5338131529834231680,11.716969,5.49499926903446,0.1945415511778507
5338132182671764736,12.353105,25.127787150175863,0.1515967590921082
5338148473537341312,11.102257,4.585826712495367,0.233280203755792
5338182833266967680,8.997776,23.016632127745837,0.2705305884842036
5338207327417387520,11.085613,4.674523060393216,0.2050221364389111
5338215200143652992,11.512079,5.336376207265019,0.240028470164269
5698636279917579520,10.436751,5.25105573643821,0.2369375161484665
3044483895581000192,10.223699,4.669821448997197,0.3929450678982316
3045720399486222720,14.227549,4.506614150789426,0.1411996266975402
2006989121667184384,8.684987,6.416020246553356,0.4011993329434835
5955679146220145280,12.52897,24.70384685649925,0.1158707359218252
279382060625871360,7.17663,3.294866828495276,1.4082400918422522
5877533315817003648,6.455353,7.065803200530316,1.196376771503265
2062137223303117184,13.849834,7.015011668163377,0.1771374161878555
2062267687221984128,9.948211,11.211205230497471,0.4929265401671995
4394035806222544640,10.922301,44.10878419690651,0.2406472514362722
5334802487848516224,12.801334,11.0981419260715,0.1524039578288856
5334864335384747520,13.310546,6.685978038932189,0.1399845312079918
6054935874795049216,6.5845823,5.825593453281314,1.0621961778399347
6054992602724692608,11.256886,12.213249434108164,0.1702578043107043
5620009310062726784,14.113978,3.2346463640160468,0.1296828052311059
5620098679741674496,8.3476515,25.97135479006247,0.3762714761790355
5620149154199221632,13.346234,12.55134986045419,0.1367068204979056
5620362459452827904,13.485053,3.1734664537709727,0.1053109451638106
5620400182140135168,11.053071,4.285339940447236,0.2928252282267617
5620438153958204544,14.124219,2.367996682402989,0.1470111486231206
6729305040834762496,12.435961,56.581919153131096,0.1397297180707616
2011184205192790784,11.992462,7.67660999567363,0.2941309505952703
2011303326105008768,12.140277,4.789731655832402,0.2425862292036835
2011315528113463808,10.510097,4.997448517309046,0.3763417679529736
2011488250218029184,11.127537,8.191775709857533,0.2048681664242419
2011892320749270912,10.627702,4.479404568398528,0.3074368717455806
2011892325047232256,10.531953,5.140927430493174,0.3059391573773377
2011892703004353792,10.724333,4.874964759607406,0.288958165634478
2012181324799904512,12.920508,3.903862178610759,0.3623885817610869
2012277910026607744,12.211098,11.833756295191977,0.269265081884777
5011819710189985536,11.199947,103.19368845468412,0.2116083166083204
1870258975238302208,6.199011,16.376554034515223,0.8842386287181716
4284500735584253952,13.711094,39.6350980144048,0.1586207890019474
5863389404349089792,11.180207,3.7186695388981774,0.4802275951354016
5337355446425575552,13.305652,5.742706654374346,0.1286869378295409
5337544051384358784,13.597728,7.91388824769731,0.1269048354776336
5595650351503904896,10.652327,5.077408958905532,0.3257288079058827
5595755629746361600,14.280776,8.847122812364525,0.1166556428229718
2057392418305405824,10.697608,11.815618140996646,0.3727150629410965
4312800966604310912,12.201089,6.273238144504717,0.2905038829185137
5325604110967001344,11.7574,13.196774785513202,0.4698602944616659
2930603731082999296,11.587207,5.45726137846152,0.1886088986087744
2931247014102560000,10.652202,5.729626267456879,0.3063357019617723
5242076514741190272,12.295529,4.054802218008099,0.1629224584984304
5242088403212116864,11.553747,4.759590717812372,0.2151916183778127
4269036830424588800,8.005132,9.480639154572176,0.7018469278191506
3415206707852656384,12.405977,13.94328774795421,0.270759504093745
4474451367963784960,13.711983,2.015995713603701,0.1679979695149909
4475421897432191616,11.579766,13.66288729828688,0.2630310084276668
5409250351407633536,9.11793,7.75418818263341,0.4065631202003725
4313684424217379840,14.399369,7.573650905948359,0.1520226026016164
5979966877097299328,14.841903,2.2682490646186624,0.2334623302635477
5235910694044165760,8.802712,3.0861573513315688,0.666400989369461
5948221017072011776,12.166239,10.529776167563188,0.1402486365413113
2014709102031762944,14.713108,5.435433729471257,0.177790810336008
2015458213056909184,12.528537,3.9999038820540873,0.1913848501497625
2015622212085282048,11.203458,5.664937736695515,0.2676936817227096
2015820463470505600,9.329637,6.296157078272344,0.6029154337285701
4253603501158148736,10.5457325,3.917255480156369,0.4051139582357907
4126464772527886208,13.672854,1.2487618251343175,0.2261727818061817
5372095688833746688,9.887468,24.52631733905194,0.3076009057520509
3329849043206545920,8.668974,8.618491368545602,0.3755857892147162
